StudyHours,Attendance,SleepHours,PreviousGrade,Participation,Points,FinalGrade
5.993428306022466,75,6.947517264254557,68.33160907976949,44,224.97959074700853,68.27701105214163
4.72347139765763,83,9.656200953453265,56.44138537802815,66,261.8056993828184,67.46513113974177
6.295377076201385,94,6.059549413318349,58.9670508611535,85,299.01594655198886,75.10157237310052
8.046059712816051,55,9.718672836995394,88.54139762815656,65,231.0829949375527,77.81727273163624
4.531693250553328,86,8.061627903183213,86.36965180891403,87,254.24782650055852,88.86781503325697
4.531726086101639,82,6.156299836158599,79.13707181360766,33,210.43356087133537,70.34032881477182
8.158425631014783,71,7.948611608583281,53.61530852991132,90,275.65243060328515,76.53820577775647
6.534869458305818,70,8.458831674440095,65.25387325457797,54,241.65125614547767,73.14501820179791
4.061051228130096,55,7.932714943325795,88.19646549968775,0,159.46044614211206,74.86418377609651
6.085120087171929,55,4.644662920164315,72.12575370459857,71,208.44189317289795,68.4768551545531
4.0731646143750755,97,5.9092942362626975,100.0,86,268.06096370903003,92.15511764747328
4.068540492859486,53,6.628722046672743,75.89976759091557,37,189.56310080919218,69.38049157392537
5.483924543132068,79,6.88834985634993,72.88073674735047,5,220.13711986116243,79.62574781486535
1.1734395106844042,60,7.9310081463260165,65.36325303696248,85,172.49552869095234,55.778189945475084
1.5501643349739345,79,7.2665515013998805,72.00311357173423,24,183.80715097490565,60.00246930372494
3.8754249415180544,80,4.996983461934848,67.71295245429184,81,240.75022419591608,66.61463680474839
2.9743377593311524,73,7.570296776508945,80.62163015032885,16,194.43946021489134,79.50079869377961
5.628494665190548,58,7.915878617925735,84.35053475191876,60,204.18122788496,81.72862681629853
3.1839518489575784,52,7.83968567189656,58.21015809238076,11,149.92465002405078,52.88719246450979
2.175392597329417,80,8.621171088331932,50.03150569663333,5,185.76790285222626,64.55897837155877
7.931297537843108,89,8.250883231823355,42.456919403450556,89,300.68943646372725,74.62051768842451
4.548447399026928,86,7.688770118842655,77.61986990368815,26,236.89697792355318,79.11174401287441
5.1350564093758475,85,6.894751432812029,53.449500907391894,7,230.88342443049643,65.59494391184688
2.1505036275730864,73,4.508558599726013,37.706641105712755,82,206.80869508477932,55.413125710422605
3.9112345509496347,80,7.644427328698879,75.82867906796446,64,223.62027593235376,74.99376173837048
5.2218451794197325,55,7.311531530744666,100.0,56,193.63574094160168,76.8005505390363
2.6980128451553944,51,7.4073682557930605,69.9089363269016,92,175.76361514117988,67.4102736685572
5.751396036691344,69,5.084877136269536,82.57736161677462,98,238.96524323920588,83.76176097047232
3.79872262016239,77,5.378415189387606,71.22744037821347,39,203.06322137625594,73.73005542793037
4.416612500413446,60,8.579729279999356,68.51665520213287,13,174.77088344307904,64.22956718133072
3.796586775541206,53,6.940667269215018,83.78614724481653,34,166.46681832568902,62.19812395640781
8.704556369017876,64,8.022251046058937,65.64588183717024,47,234.94524254363017,84.11165793287387
4.973005550524132,55,7.042477564195692,74.01088471107855,83,195.43068514611207,68.15911807494815
2.8845781420881993,98,7.044634209243617,74.8254670929402,55,244.04322953051008,77.07183974072005
6.645089824206378,79,8.407425708963997,59.978643195354266,48,252.27344763351297,76.27221610234146
2.5583127000579555,87,6.225932907673939,84.88063524304785,12,197.5433562641722,73.73315589163175
5.4177271900095105,51,7.144181165411475,67.37560364956887,60,208.5886175903024,70.99221182551307
1.0806597522404489,64,6.306587066942436,58.66382260760733,48,158.70378316269452,59.12892731724105
2.343627902203139,60,6.348255658851526,78.04764765355606,45,141.68413624330537,61.11635416275774
5.393722471738247,57,6.536241814797041,56.52298027313444,61,198.1355080510911,70.88074916506307
6.476933159990821,75,7.333200657450569,70.42271736053692,7,217.53899680172017,71.01538533347609
5.342736562379941,94,6.281877067504784,69.86321505033695,42,273.5445512990413,79.89173195425066
4.768703435223519,93,8.883634188360281,86.28843348747367,19,246.0682967195122,78.96780418339097
4.3977926088214225,54,5.658089046670744,77.12047349319928,96,191.6395742538162,66.45838571435942
2.0429560192651453,55,6.719692533757962,69.62459561882284,89,172.06564145768368,66.20998780289794
3.5603115832105825,75,6.340403412588738,82.26649448800431,38,207.87731354861572,87.93057112618389
4.078722458080425,53,9.1704668265306,90.8531132352597,84,167.14008207770016,70.84689487254815
7.114244452437831,68,7.294832164767362,78.36715459527794,48,244.52866186828285,84.87839170979137
5.687236579136923,69,8.547766809202953,70.15528929765071,63,218.06066693332258,70.66006566049928
1.473919689274532,82,4.771659440444542,50.32245651474761,61,223.4096351022215,58.64487885527916
5.64816793878959,69,7.4005753988038885,54.02329505386941,53,224.9063307991618,74.38888930024339
4.229835439167367,98,8.334446193435156,65.42162943467999,8,248.59429575561342,66.69036101461087
3.6461559993880828,61,7.123425983913136,60.85731696761076,87,213.45579435389354,57.16723316039953
6.2233525776817356,96,8.598220562598026,67.19543045521831,36,277.9648463037424,78.78712640882217
7.061999044991902,50,6.224067324849441,70.8497488734566,48,201.34885261309353,73.2496204097095
6.862560238232398,75,9.11402116027837,77.94539131535096,40,236.98143797771016,81.0706817598951
3.3215649535547227,63,10.0,68.94251832911362,16,170.9373363502682,62.97039993473329
4.381575248297571,87,6.455742159340511,77.29752465739303,87,255.44077433325828,79.37485898377317
5.662526862807128,86,6.331746217898842,70.9671162221518,20,235.1911576321916,78.60415823100416
6.951090254244718,60,9.180076715676552,40.36800150469193,50,234.15785302213627,46.68891155124817
4.04165152430942,85,9.36935821859607,55.90996909271868,58,231.33457939258997,63.1599931298971
4.628682046672366,62,6.2157099592700975,67.83868666417577,38,190.82999173308647,64.76627629925211
2.7873300519879436,92,6.369719774356215,51.85457885738339,54,240.0079908870342,67.9395651867935
2.6075867518386584,52,6.577323086709239,78.99893094994307,40,146.9683228005786,69.01198772402631
6.625051644788396,82,4.9833242334485846,92.96126248515546,38,254.39452581358836,82.02883603348269
7.712480057141645,55,5.622022080273703,88.28142777545975,12,199.0220214988303,84.57402542709154
4.855979756839332,99,5.493788849871898,66.79835693604689,63,268.8016057369175,75.55857422893648
7.007065795784048,59,5.848303652343807,92.36089205274928,10,194.084225073306,77.31315075142966
5.723272050095268,54,6.947972668919828,72.23001185803167,18,163.4090471132291,68.11616379305272
3.7097604907897512,72,7.351322098804781,64.94371043322941,10,193.98309109107052,61.97997931289094
5.722791211016828,59,9.325750739221116,60.7989600468859,76,214.99278521379455,72.66539373480934
8.076073132931938,93,5.5024689388918135,65.46295470267808,45,290.08403019649023,80.6685089311939
4.928347921780097,51,8.476483597714875,64.17734772188157,44,179.873792706525,59.973649611237406
8.129287311628012,62,6.6790167336617365,72.55624333563232,0,202.53777021159613,78.06786023913541
0.0,89,6.925804435521351,72.40860971574797,39,206.64021959218204,60.22983292456999
6.643805008750448,51,8.012229238249905,70.04569030230121,18,167.95360135994312,67.04821168300184
5.174094136476342,69,5.315916967656552,76.55407254619524,75,241.3597065537087,67.2853892806471
4.401985299068265,50,7.573614619276076,87.85969412179512,71,174.0107411651341,80.29658206541723
5.183521553071005,86,7.249678312319584,84.24331203161985,71,242.3734248537542,87.96579884266154
1.0248621707982144,58,7.738676896012223,47.726530473251444,60,152.9632726233548,62.139036159968526
4.560656224324976,66,7.433752965861727,31.691182976470678,11,178.68688027070766,56.173948310005535
5.7142251430234925,58,10.0,84.01479866858911,60,199.78151156873454,68.97519418391695
7.955788089483033,60,6.043390023623026,49.49681952376868,32,217.87436104967017,68.54727134176002
3.9634595634527052,64,6.203504567497274,66.62851897160975,44,200.61301924340978,60.01893386661079
3.3830127942136246,73,6.065289210362853,52.448304609109606,89,222.4130688031649,70.80618840749483
3.996485912830927,87,6.166784321259618,42.970293436299706,91,252.54868343012026,59.252821931799886
6.830804235404148,84,6.0439193090402235,78.12194092307182,68,259.04257423120356,77.31673913039822
5.657502219319369,79,8.783524796661327,81.3873274045397,7,213.39319428010324,67.64053784597634
3.9404795924659224,80,9.130756371984782,61.35234398909921,24,192.5265475321557,61.80632505086432
6.026534866226712,98,6.143880559375786,31.134365617826354,90,294.0140177271035,64.86012774202129
5.194155098696081,54,5.751466640343657,61.806333276212754,45,194.88208994558266,56.59670247596007
6.937289981065779,93,7.707123334579606,75.8770600810382,86,290.13930776487354,96.58141490400811
3.5958938122452953,99,6.171665433578543,47.81632646838807,29,254.74609673045597,67.95502653030184
4.3446757068044635,63,7.949397726633266,72.75039879668734,46,180.18193616995973,68.75978044006541
4.215783693735685,60,7.304384531276949,69.77035226240507,86,222.8687959304624,76.72897018519616
2.072970103735763,58,4.7263838275041525,78.68937249401633,48,179.10576836800473,64.85826658369297
5.592240554129152,83,9.321257801995092,71.79370552621229,46,250.8326211068903,72.60019336656202
5.522110544359778,61,9.693816509643282,55.40396588677667,83,238.63363146003297,57.98644030384358
5.010226913284922,84,6.080816964273421,87.94857252496737,81,262.1601988821258,80.13260581894606
4.530825733249706,84,6.418447660096024,67.62205640459545,17,229.49342847399265,77.76222345457954
2.1692585158991715,50,7.428798086087357,69.59043190735102,65,166.8119239263071,52.48860541262331
4.158709354469282,89,7.501685184980538,56.00098061390206,67,254.88427807567732,71.37766104827264
4.314570966946461,71,7.987816409009246,63.35076623212734,93,216.121935053614,73.79517089485235
3.395445461556762,78,10.0,56.727959289596484,32,213.8440881679116,63.80100324956396
4.677428576667982,57,6.734579158758926,67.40580910114866,35,173.5556898223452,65.1398819288656
5.8081017136290765,60,5.802554133192319,95.67562720213516,81,214.60571892673616,84.94475981881615
8.77237180242106,90,4.9310211579782095,49.421482856029655,18,279.7026671889975,77.09487446581711
5.349155625663678,86,5.9036049400871216,45.79657903184888,27,244.6543650538105,72.84503197912385
5.515100781445529,63,6.950309540689305,92.06755491240412,39,202.15235415451747,72.31338259444054
4.851108168467666,79,9.691836795276682,66.86014484272201,83,254.36837704624972,75.31681751053054
1.162457569401917,84,6.223583051445743,59.963908920101254,96,220.5560043534172,54.84707675452947
4.946972249101567,70,7.335681927458348,85.59857031094114,75,226.54268454378283,67.84177591383605
5.120460419882053,86,6.975365655890872,60.91576690394704,14,238.69545870332925,69.03364538224946
9.926484224970572,54,8.782589910172126,97.39014570320404,40,244.9927540140729,91.5755622766502
4.615278070437755,68,10.0,80.16888807008904,38,222.41713659410965,81.07230708480444
5.603094684667225,63,6.203696840619519,62.68132887781446,1,186.86071367394956,75.37071526921002
4.9305764605895135,75,6.265840836222667,100.0,62,238.70586287335124,91.49574941817399
2.662643924760936,53,8.566241315603609,60.914276154949924,28,166.44223089576127,58.64893857828005
7.285645629030041,74,8.022837234439468,81.13143058013961,73,250.64809592296547,83.80609256513328
6.503866065373549,94,9.770060988604051,74.48938870609737,65,291.83565918086134,76.78913025631223
6.582063894086094,91,7.875892277988946,89.52611934098198,50,280.5040684357224,87.9695959176421
3.181225090410522,74,6.461061863819411,93.42266795090279,74,231.29086526487265,85.24794438071693
7.805588621872198,67,7.885982246038464,70.4800622359865,76,238.68447241335974,82.4288350389472
2.1962978744154382,89,8.663055370874362,58.69873194480725,9,195.0689209061492,54.4438638386465
6.173714187600541,57,8.230723271796046,76.89958214408675,13,182.45096398705246,72.34993766848082
9.380911251619956,88,7.760911046660946,59.834269453718406,81,314.0863891394159,87.69181380103667
3.0189273497386235,89,8.600012034383731,100.0,50,244.4179130347243,85.30820095178714
3.867404540794456,63,8.75394338566851,72.04802996624106,72,205.84948316606727,67.90721744950204
5.199302730175282,81,9.07323848655629,64.52017673031837,38,231.47889500064997,74.20854073723139
3.9930486917676014,87,7.973064831384464,72.77020458797362,27,231.5951013652374,75.91049948154851
1.8986731378677346,82,6.749322879524718,49.793105657054554,2,186.99717614142187,51.357153518471364
5.137125949612055,72,7.220070529649984,55.42578942234023,83,254.32142379599844,70.9857091648706
2.8753925725477902,64,8.809763449762535,88.00620861916639,69,192.91051516116323,70.90181864708423
5.9471848612703635,82,5.774596493519146,60.14658581542906,26,232.641014477178,62.84888543384004
3.1611515315323935,74,7.553009963309352,54.296335259770906,1,184.60760561604224,54.31318227258445
8.09986881003508,66,6.409991781508959,78.04979128790929,92,260.98354129373615,75.45038277319354
3.4334934153275256,82,7.043117234402226,87.78556231994496,37,201.12500059652854,80.18792946381
4.355876967588649,96,8.917677793910947,80.784299659976,2,236.4022490596648,78.92503313992253
6.62703443473934,51,7.286648602029855,84.94071528708724,15,174.76296189333334,70.14105002295052
2.5382713671320896,63,7.069654822234223,58.64807367145809,93,192.4439950135277,67.51057866996705
5.4549198692082586,89,4.960215788530121,48.67283999887235,39,262.4050315683123,68.58918185428692
7.614285508564857,89,8.119380349040831,92.5200047793323,1,246.7860591195286,80.26976210500469
1.785033530877545,88,7.968226271711613,65.15980241736797,80,238.40652150402082,65.95692140298428
5.369267717064608,55,10.0,66.23750475317429,40,182.21410717220877,72.50851363037584
5.519765588496847,55,6.538332647570499,89.92291212773587,11,171.7746059414363,68.80004819971414
6.563645743554621,52,7.328725491495908,78.3434501410099,34,190.7543203460049,72.4784940046026
2.526098578243836,56,7.374075525566133,76.83831658122412,64,156.18524194352835,66.71616900872694
2.3590867738314474,57,9.366179919645212,100.0,54,166.5074766556623,75.09328980322073
6.0438831312337955,91,6.857056701419572,60.347226544297854,44,287.32830620947,88.24037118545073
5.5939693464663724,64,7.418532288655509,83.91760192121856,78,207.37206000587648,70.94206617709767
5.5009857006917535,96,7.911844764574809,70.85519687345626,89,290.9337773697625,77.15842361659013
5.692896418993952,78,7.279913684734537,74.02888418294886,84,266.16135743817773,73.30664214756567
3.6399505568430186,82,6.330349578174207,92.92702639618798,61,233.91569804796615,79.11690446947513
5.464507394322007,79,7.291134989347461,77.61753634434436,48,243.5247434643804,82.84915344051305
5.586144946597362,88,8.610447624789657,78.07444118574449,94,255.10478935504747,77.29863293626234
3.571297163947264,76,5.460227050883409,86.08761005964703,24,205.69546538577214,78.82921415076166
8.731549022289514,85,7.199454511220314,64.52570905685673,22,260.69860816055916,79.58394542498836
5.947665841823575,78,5.94981877759124,57.4118549899149,23,230.07543126406722,62.568861776761864
2.617393005594703,87,8.792569943387264,54.327862089684494,37,218.37958274685212,53.37806020156654
6.313107217267659,82,4.715219642824338,40.50465115935997,27,263.41440246429295,57.11094255244733
3.050636659545357,86,6.161617229092617,100.0,20,217.97331983311233,76.87067226957672
6.574169207484904,76,7.565817812596781,53.451874514174754,53,243.11545378222118,68.68910503103416
7.317191158014808,82,9.34828604385151,66.68119564621342,17,230.57498398761254,81.81592465754787
3.358635363296579,53,6.901374608390518,65.84780050166619,35,158.29782265146477,62.31672312077407
6.926752258488643,71,6.167200709960202,74.61110046713651,98,268.49981136835464,77.02822901184811
5.825561853872997,51,9.821735604160885,82.23605818808946,44,181.45009962053774,73.06137838086951
6.64412031998898,59,4.8279791493756345,82.90710232539618,72,215.38463960051538,85.8780448961234
8.793585965307894,54,4.0,61.25383842146592,52,216.20999301461578,80.66879405508314
4.509223767994259,59,7.6600216750799985,67.49317429320382,29,182.94365203449578,61.840869797226866
3.492527671285021,82,6.246918663471083,74.2386992573245,59,236.0191561059418,77.62293499932194
3.2209711407489534,87,5.46815077430393,66.26963310724679,97,268.3218125607007,80.56566298687079
3.3683794300691234,62,8.06253467094903,94.1101836402999,31,163.23379536858766,63.95716246879566
4.845796581171792,80,7.365701070656798,77.36462427457377,66,246.71774139589408,74.71129450616932
5.682303949633288,96,6.1538820538949075,81.02316679074727,66,280.6059999521542,96.4042682852895
5.553381598660038,85,5.079543401993659,79.94321903001119,27,238.1114739402676,76.8344439557334
6.654366498072047,94,8.308685992420218,87.60210786227987,43,280.06192352106046,73.65791549360358
5.026003783755814,73,7.975301766937991,72.7153233805556,78,239.3366003738076,74.00015788649064
7.907068154314634,64,6.851236204330926,50.5475207806623,40,232.35836260106208,73.07419024652661
4.470686333524088,78,9.7699554940715,75.99531927628962,62,221.13215141328277,74.12866013223265
10.440338333179238,57,5.394872850510771,60.22964659312257,22,221.9052692601278,77.14461850061706
6.251334695530012,54,4.711712243612892,62.07074977375365,74,222.37202971047694,72.64068077436399
3.285684887167435,78,5.962137895178134,78.7954602813264,47,210.15112419686594,69.77242283954732
2.8582150038777754,96,6.931620975466753,88.57424607150453,31,239.1422940189567,76.25627820523333
5.96494483048637,53,7.3650091739840375,70.31907365104092,56,204.19611142529556,69.43452957242525
4.553074429348298,61,6.638145913215505,74.63249518898445,99,221.66517501709117,73.08130029979434
6.428000988184184,94,7.528083094771445,95.53322416952857,32,273.7452361915622,90.42693755299277
5.94647524914709,51,5.122690863714334,73.61129769232852,23,181.91052928390846,67.25877865283333
4.854342174686255,76,9.165646906109888,100.0,38,198.37678413789254,77.98479288316345
3.30641256386319,80,6.876773232411146,78.48264468447316,33,204.66462408702657,74.64054875627171
1.9703055506282707,85,8.675943747382192,43.58855861266274,55,221.88911347127862,60.21664995545039
4.106970095865957,85,7.5140880195665565,81.30012431656799,27,238.44614402923617,69.32625528664363
6.712797588646945,75,7.685129828730676,75.71737577324167,36,235.78893148302717,75.35618047531207
5.4281874882604075,92,7.8546509203483055,89.34629131124119,6,232.83471026504313,82.40202637696667
2.508522442576024,76,7.671562840025972,80.09772026904938,67,202.4043639296552,68.05478617787368
5.346361851702364,54,7.964084139801316,67.92316024024339,36,188.30223055155437,68.06395921501877
5.770634759457674,69,8.993728795198647,51.635526455659516,55,221.02861177065788,64.46249799742635
3.2322851275977342,60,7.294781754552205,66.86465114070963,64,184.25085081807399,63.46833589965895
5.307450211891056,59,8.063505636382768,57.2421931868605,64,209.22480405663376,61.96947136394264
5.116417436892,89,6.86539645856916,61.29214825292916,46,223.1489375419842,61.04104693500179
2.714059404338754,87,9.16017582317421,78.82867606630914,19,230.64426915846835,61.59006108531234
5.715574720696567,55,5.985411546911095,95.0485675652711,18,168.84500885645505,77.74087464378448
6.121569052736469,57,9.701410649366224,75.92007294734472,28,191.63505422210042,71.32748037796281
7.166102486350554,72,6.939763074033485,52.06175406947224,73,235.1140547285428,72.15592036867257
7.1076041040698055,96,4.853837346822928,76.66904002330212,59,288.3506299366477,87.12271992460742
2.244661264085818,75,7.192156622366184,87.94947229968477,17,193.39349310450913,71.26162312013857
3.124349920169754,95,5.978422513787679,60.85325643520927,91,247.58182740503875,76.36421065276909
6.0300705344173195,92,8.260965323483086,67.98974249990623,34,272.5627062160646,80.20727024160743
6.027571901824418,61,6.021064031046413,70.22032292093796,42,200.5387580559203,74.67475762635061
6.030095372612096,75,6.33072485017783,58.2265253037664,94,262.1725981283229,74.01673997927988
12.705462981309442,62,4.165688903581703,79.72420650765788,90,302.6298739479455,92.83019356048045
6.141781021386334,89,6.321540521126385,68.18577777088328,10,248.8320252087726,76.27048872234585
7.271131280361198,67,4.0,76.29298665860541,48,222.0618062873037,72.78165813109328
6.908003526986405,74,4.624145764771415,56.6876173329685,37,231.9345438045138,67.83854653282636
6.302782502611596,82,8.140621984216446,63.438125495148846,63,243.91226325360776,75.6142849091633
4.369461510719309,96,8.178700237976248,80.83572036741657,68,274.6125784230739,83.22543174906401
6.517938440986535,89,7.6381863426774474,64.40750271862349,7,263.6999359500246,74.60178036690876
3.4543495709248564,92,5.549535785306181,95.90445776850108,33,216.79908684248394,74.21951304050332
4.526362786519982,61,6.92843296578703,64.00545721578096,47,183.14716880381945,66.54431463164691
4.029272904341793,93,6.994596191364147,73.37027088627829,55,251.9749762845886,80.5265450104221
5.163748278772645,85,5.262452966211185,83.98886247809635,75,260.87089702486196,90.93503887628812
9.629317133347017,97,9.255097452650727,48.724514006004526,64,331.08493434781445,85.11156656943024
1.2654696148165039,53,8.316043435863508,43.587867820288366,30,132.13269634458837,43.68003034593519
6.372520380749027,54,6.668553739255504,47.11515528144858,3,170.06561654303377,50.979236153178434
1.7745682576206967,86,7.040328758491796,88.93876155140774,49,225.27698963690437,82.49857996445498
4.056136268421133,57,7.312574211921329,61.7221278116133,68,195.1813183548444,63.59935446359992
7.177901193934732,91,4.0,100.0,29,273.6687916963583,93.65610784181466
5.128560038190925,98,6.629233926219104,61.53628602013917,87,291.9107574977904,77.14689136843279
2.8445104441413878,77,5.977023628003302,72.76826954795555,58,221.2766265506125,67.57031220282131
3.5693925814800638,80,5.497569985157627,93.13164928851813,66,222.130831902498,83.23932014374651
6.359195497869352,58,6.578349560671068,100.0,74,208.66501215683272,78.34443849028737
3.5392667365657267,78,9.696529790274283,100.0,44,220.85367723435053,89.04837663064289
5.43291717916395,63,7.961264291900514,88.12549345889714,3,165.57881209917042,79.18260463453714
5.091143679807628,89,6.143231515325805,85.36093788717193,25,242.33323189444116,78.72301637487064
3.6967993047883656,90,7.858874172034238,78.88790423801774,26,226.80240952525853,70.26955795168155
9.28788817865065,71,9.099033154879002,81.67541614249957,45,243.32133447997694,74.7859795965229
6.267838044636022,60,8.386950524369153,61.732214255071995,63,204.86570464919757,61.36477766133959
0.9497148266847857,72,7.089445554880261,57.72701674866539,90,197.40738734389436,62.41016318444482
5.3729086295388555,50,6.029594833441639,69.94938313883571,50,189.0687188603788,67.25571575213422
3.676427070463224,95,8.047334970420385,67.44723066212607,49,244.73469079205412,75.48674877191003
6.704866669592448,86,7.590228078132625,63.201579260090874,5,253.6824806949744,64.59659090134916
3.4149585231345987,70,8.342789830041598,80.44581171185072,58,203.78137750691116,69.11823250584173
4.770527117066202,75,7.9527577025229546,84.32957812855766,14,217.80911819236172,81.69970542658398
6.0099745579609145,95,8.574329072979003,71.32610329437772,29,258.5548294918087,78.44799488166659
6.731510388340243,85,6.1971471826591475,92.16295121582893,41,257.32700800234875,80.88307799000957
2.5994071858884475,72,8.976091098451489,52.87466328799742,36,191.67890789225441,56.574613427374075
4.330997528318103,50,7.296399407038599,67.09510811080423,41,162.0148706557659,56.795694741919945
4.050109377678088,89,10.0,59.247665190957925,34,245.03133524823323,70.21924689387801
3.693341534852576,64,5.966218272865648,42.0019507439041,86,185.8577780956231,55.68307916648653
8.530908480562193,70,9.603945704747874,68.7597897123595,5,252.03314019352132,79.13387317615572
5.809963421921911,96,7.296866175193972,68.17378737425075,67,292.17738028917074,74.95869267417709
2.4782320913299096,58,6.022872994578328,92.70174614863197,17,147.54700262294892,64.62092992993456
6.835723894109552,58,6.274171248918518,79.46217526832166,72,214.83402220532207,81.85019071280942
9.244312394025266,59,6.519479037708519,54.63719763506192,28,215.7789178257671,62.56104946118625
7.064930521102294,75,7.636248919602875,97.81138849501282,76,265.1054599527203,85.29412935764584
1.9612600680919732,90,7.784253232053249,88.31550543288029,58,238.56241736884328,78.07332972773855
4.031531854267497,84,6.139449994092131,78.73146555202923,46,229.69005726137596,76.57380198783443
7.533822298373245,74,6.963468111608526,66.60273851725252,16,242.40812711351748,71.98489714560952
3.5846610687624385,75,10.0,55.6084114491478,95,224.27401022001317,63.9842228149904
5.887638856292456,60,9.591314755151068,64.4168983589342,21,178.5382800630562,67.18507886708962
6.5492681068586736,87,7.654485504511048,86.33122929556279,67,291.12609312104223,92.18550759679391
3.1461390568438343,51,7.057005217252301,98.26879458901914,68,173.37247670382376,67.5223114580377
4.8809492878764,56,7.1800469900773916,93.14865292408284,36,192.77797489689726,76.48185609337055
0.0,67,7.9202769590956255,62.667258673205886,48,149.46060291612307,60.900013615117125
2.9512247173314203,76,5.4658111522023916,53.205738500664836,12,178.2769932556269,56.319134190904464
4.494863697213679,83,6.613935193864982,72.11329370366806,33,223.86254377756137,66.87897629583007
2.504433636070301,76,4.497123889183616,43.473409516557226,85,211.3037479453129,51.782958931893056
8.26482260786327,66,7.598834683907919,74.84751571277172,52,247.7018781809172,78.85005820332178
2.1397172440787346,92,7.970793909554112,67.78596120551997,86,240.8859118715229,76.3173510882797
4.119911026606032,93,6.275220306550939,63.00945247197637,50,240.48241168538743,71.36394437703888
5.2614811545721825,73,9.360980144935048,46.07945399099807,2,201.03496566827414,59.652652088486946
7.8825465781322315,74,5.161351505496488,77.70400159854574,41,234.42560402307018,75.43626558596725
2.1282756976411212,56,4.80343767968527,62.009487405071326,97,163.7881176616573,63.21534040527638
7.326327504309919,55,7.336677727839958,52.451247464345684,31,200.09584738171196,57.459653507616935
5.020466122039174,73,8.570647453918232,26.916066800775262,50,203.71246079028964,50.57049958254478
3.036982697904098,82,9.525891537186803,69.58727642424046,84,244.1226209419952,74.86458132283562
5.924206948526542,98,6.31167360569659,96.58377395004617,45,263.78873222273745,80.32420259660877
5.39811939114694,78,8.618021250146944,94.91888821821806,20,197.57445604727192,81.11232262037323
3.799566245682411,92,6.9422372957489396,63.14355615120592,43,240.55769595541616,65.2390719176591
5.139604169980037,71,6.74105905008877,60.966819094573296,10,199.84198673276524,64.44078230897323
4.22937280627648,75,8.325489906230008,77.03161384112536,67,230.7084786995842,72.39653704542265
5.227034690502496,77,7.978484317620129,55.02421841217563,0,207.99050389518348,73.79245606737686
6.324261349042093,99,4.635411764523626,74.52687849729199,91,296.1494872792435,84.65114251496362
8.172033632290704,70,9.214810524588843,81.49120417577035,62,259.8509481321731,93.24635320591491
2.524369002346302,98,9.070137031221178,88.40399835826462,23,242.34507508826047,81.21235255832835
9.266066749312532,56,6.061655947735706,68.4976888528007,98,241.60304620856994,75.1040664965252
1.0958244009549962,66,7.593705300156113,66.94489374734552,12,147.1481826229538,56.78107005829468
4.6964298099288335,69,7.7410452794241085,56.830261198651584,97,230.71989782819813,65.78891025903916
6.176634412969153,90,7.391010648735861,57.5967946894021,10,248.97015995757187,72.55128215328392
5.561983735470065,98,6.174542269231869,66.6028166214771,99,299.0705994369595,78.69916915421261
3.7546009603588124,69,5.992564948092923,75.51048260224267,50,199.86723188285836,77.4576447224874
4.5837554992854495,71,6.961668893512832,83.70376939349875,16,202.25571029527143,77.38879472471758
4.013998130682334,77,8.759093528889046,57.95231573979483,98,232.00145031081203,68.26790291363116
3.821270486111577,89,7.8154002318916485,92.39032853439282,81,264.08643621372397,93.29856803701415
6.699204194042049,98,6.444078501870841,65.93314598436147,85,316.903369255733,84.83823146502958
5.714030971930095,56,8.157548065972517,69.67949058477346,23,196.98165965418963,71.98706598478489
3.6141808094786914,50,4.0,58.79182481278265,18,123.70813485341333,53.02200122435323
6.799199750866501,81,8.723148550558156,33.63639609590587,36,246.16298093751283,64.33054496102388
5.614599041753219,62,4.39042933183285,83.26068094541574,84,202.49498467399627,75.85102579065865
6.62572423767792,79,6.456338587895302,81.0526584563865,7,203.40660547905097,77.46934890123265
6.259257683847224,72,5.320495158060784,65.7800866432268,27,221.53350731454702,71.5098846926525
3.3420099781558554,68,5.0579777864186415,71.00486075837308,4,167.42858185305494,58.90873418987173
3.879637919606061,81,8.741240181067779,77.73908826556149,16,211.79488871376807,69.43931224650969
6.494587210246523,79,6.298448198032163,46.56181214670186,35,245.30714900333837,65.34548164690985
6.22074053086693,78,7.519755822596074,62.06420983980558,18,239.68636488974852,71.90003832615498
4.958196812071704,98,6.929619131681224,81.9139701943274,63,277.62117237377487,84.16014522304579
5.234654766617564,94,7.715561240834682,51.18565865246126,90,314.58010383936653,80.8377408553165
7.55532979157685,78,7.115232836590383,74.40336898249944,97,283.11739646562063,88.71346859433272
3.8168572223283403,79,5.075511663717146,49.65127293064893,10,219.5933626689555,58.79225397023717
6.094194762340075,65,8.49440022917071,76.9964497365029,53,194.11356961815827,80.25156738744892
4.595614695132212,89,6.259365125258031,69.46537776553775,44,259.45354224682836,84.31516072669822
4.56463759354556,68,4.665127152010373,45.77302276141736,46,202.83877103749998,48.26129136892248
7.19755370397438,67,6.357827258551131,87.47109031685757,11,191.9920644454711,82.59459718229675
6.6508326979760595,50,9.251139685951467,58.981126348029264,20,180.7137780720418,58.46488385210842
6.627019272001277,63,8.275332613170239,57.84621344478428,10,194.2406373401696,68.20829589554124
7.610957614308658,96,6.477021798388211,73.00853795846415,91,319.41010862756804,95.33702554661353
5.042007683265518,99,6.476113443522356,87.22956024143073,4,260.53084140816594,78.61741856095887
6.363905942589928,51,6.5175474231739265,54.762672715324044,80,190.74755825828333,54.10862338914484
4.379466486813088,77,10.0,70.92519774771958,55,235.44385469268246,76.22837524842747
5.648332704976884,98,7.57290317834733,76.4322475049586,19,262.048121891976,81.19898291895407
4.739713891264631,99,7.645062470786605,80.39658410894717,40,278.925550659579,74.04214518957394
5.193991929985437,79,8.545425181047763,72.64662332915837,45,230.38843700987567,86.66387756944212
6.190314050873827,87,7.35818373853977,64.49458241375017,11,236.69905158342405,76.08551070770167
3.3635586335330547,53,6.611436781268945,57.5861466902692,69,174.40612674222007,60.88238248091056
9.184774551370921,50,6.705475226372533,71.29215824569562,16,200.86635257750774,79.55881879270572
2.987965237000596,57,6.892598110878904,53.9179148202159,18,146.2518043550886,49.251566855609475
2.5716227744245357,78,6.944166645235238,26.17974274758089,25,189.25318043469252,47.58007223005944
7.316221747000135,88,8.091444315455469,76.54839706236501,47,260.39346212486345,76.62486585629064
6.583325387925871,52,7.077918828710949,83.55902261629294,51,190.98680298135676,71.04985773501085
6.24823963410431,81,8.098960115823369,34.55601346687242,95,278.7454969410189,68.13445950435472
6.25669101852856,59,6.878925129837127,54.854039429350934,69,213.69336844622416,57.06324289544644
4.975506454306171,59,7.117952785474136,79.28731391507796,54,204.84571750353498,68.22677662142986
3.2054912570283367,68,4.002698973201839,100.0,99,215.70061789375262,76.10634360905571
5.151609116387453,95,8.374491512053723,70.31190561513112,74,264.2009111866414,80.04848726626116
3.6456765769757764,83,7.519732713846989,59.07995588156298,32,224.4295146453236,68.21831754716968
6.9502394668355025,82,8.497015164789477,67.2565533834274,61,257.266163258021,81.82717247182529
4.705885236995723,72,4.0,90.62314628722277,87,232.2251794823219,86.0163711868874
3.349005606414977,77,10.0,60.310537313131974,22,210.86577653899093,69.72609919789416
4.357228316694013,81,6.790615557767239,58.0121199002462,14,200.963578569725,66.9037107903898
5.825862908551248,99,8.662274225106275,62.758847167269515,26,270.90606696015635,85.8372475264902
3.8725508943920506,56,5.440141109311703,55.70007087611931,74,187.32032544356258,59.88865901773337
3.3555592088671373,78,7.919160857593854,71.84005473992194,63,228.0648492430424,69.73377700460243
5.487374422983825,57,5.419876655239516,94.3701768770434,80,217.42527788465847,83.03062030781813
5.4899331422174455,50,6.064346558956292,74.84618909674043,50,182.53772146466338,66.46317212140129
3.9861136492577405,52,9.87104703080018,66.21469746810568,52,166.2573900267734,70.03379943097168
4.057923388763355,73,6.71397639885498,65.62283096626683,77,229.81295892789316,74.96054447610416
5.464099874715273,72,7.326149309769584,46.552137869550144,90,256.99755771859833,70.0503235041781
2.1038313170053518,57,8.305101596033131,83.24664665720738,81,175.26541377365652,67.37668870578322
2.1850724512468895,96,7.743522831958907,68.83244204480798,91,256.67816336823864,71.44964403175459
3.563111557495128,86,7.225628357715364,67.29280129614061,50,236.5128181516312,74.07560956386686
4.573105696576306,52,7.547441503699338,100.0,46,173.11832716945918,69.86664049239079
5.621815131196009,82,10.0,74.48129362548529,3,208.34105707278212,80.67501823343035
7.950712433899104,77,6.913571804449622,58.72313424857224,6,238.90043234296587,71.14751665744853
6.7153192464040385,96,7.301648570072452,63.60463605691685,34,262.6855683764027,79.4323050005986
4.680122940073145,57,8.575981594011418,87.22668563795132,47,188.04603586481593,67.85521654760117
4.961967584194622,83,8.658288899436975,71.69905615806647,72,243.64824859788055,79.60090137710598
2.9949412707243823,84,8.78054545834057,48.4258303252395,71,233.81816074910728,60.132414644808286
4.96297372801522,81,7.958095333043777,83.78843401862805,44,237.53567634214457,81.96424883211438
4.422682722159723,73,5.285492630904274,59.97783871691509,80,254.76586068103293,72.96176131002409
5.645437120676179,63,9.450147298451643,98.09946664326318,80,229.88187082463102,80.38659387194647
3.345538112895354,81,5.280481910471968,86.20072098571973,96,257.1033692263769,74.40888747682747
6.038693028482345,95,7.453953197858549,63.29017156511873,95,316.60440847176267,89.63317468932303
8.065477826005155,92,5.868586224970963,89.2152454260267,71,305.047337430046,93.05792552377788
4.782479703086285,65,6.9037924801105115,71.01783265791104,18,189.68169503353482,67.48042130124192
5.8034234441978825,53,7.493143615455221,82.79160512683329,62,184.36702335371666,75.06916273004863
6.380287983422225,86,7.482035823175409,77.27099225941713,37,253.1365805102183,74.10730124663111
4.197559056228328,70,7.632881131352927,57.3046501751369,66,207.74471326592467,66.3175445299071
5.448184963620833,63,9.420566903587972,60.346752515238066,58,205.47126113496446,66.3042666708583
5.02518480156359,80,7.68030145227097,85.44941226371742,68,262.9584817775606,78.56040510897023
5.195352197097663,97,6.633765047064027,64.97837001840189,12,253.09973706297652,68.25435933051628
3.4539804322890673,67,8.446130752432536,63.94527305137005,46,182.7808085457296,65.35453825219898
5.049020348517885,56,8.784205733386962,55.673161309759706,60,206.2355380320919,67.51764216351864
5.9959965824909,59,5.158588277294511,76.35398598390192,30,202.5127205872835,71.85217617487076
7.902287215590084,56,7.896100104774787,100.0,79,240.59940708190481,80.81221807602698
6.918541652170414,82,8.051759113466348,53.9870062861859,95,260.6241144906802,69.32642745747556
9.306364915023114,72,6.553654744960012,70.36329185009137,21,267.050358727446,78.39994595983481
3.465304874223901,70,9.063560219967428,91.18330833123144,92,215.06790132130013,85.58042685280913
6.744641273441356,68,6.77491661945121,68.80537913131427,85,253.72596046234113,75.3139789120311
5.366684011476703,97,7.188364680207314,76.78557694374601,42,293.9048380209374,80.29999608750767
9.379605866435345,68,6.740392263574195,54.0640970777968,66,284.34938614625963,68.13489587292182
3.383403429289697,85,7.023368571372202,76.42460645811472,53,220.5584130381701,69.73114614318324
3.3205563156384477,78,5.355587369657197,67.19283602493176,9,179.26038978636174,57.36658476061354
3.8012147091119557,67,4.839923676108558,84.78594993519795,41,206.81561307959885,67.29169089166903
0.7522085513803862,51,9.391757594837458,87.81079077347127,63,142.44264362974386,62.70061899443019
3.948489956638478,50,5.729557977522508,100.0,20,144.476085153364,69.11496314288927
3.481734676892604,96,5.512911475815539,78.69449759820364,79,272.5295322383165,88.71521726833923
5.300787572952415,54,4.0,74.8869447487325,75,196.87907995492975,75.3403239066817
5.683511951554319,69,6.041557378465747,72.91576452366004,65,234.34836088603063,71.2563280678225
8.752341678431772,60,5.015365309888752,64.70250560783967,40,228.19323486250505,69.21125813442208
6.9008476763721,91,9.463022740204554,75.07725765192536,23,269.73235604700267,88.58242589418546
3.8461926886751936,51,8.514725634013951,65.56897884791456,34,148.51659999538805,66.54601936370304
3.203170657303284,52,5.9677744822334144,72.52691464404421,55,177.77632670435918,51.484682289714556
5.983838343013011,72,10.0,89.7639630341194,29,225.3146171374545,80.45328087640502
2.3595335859587157,61,8.47264823048739,54.90186152080538,56,180.05830955362288,54.423335718437094
8.662917531708707,69,6.512752924737066,87.09817841693568,93,259.95247604696715,91.85833093283975
7.358880241442574,54,4.0,89.75672601009798,46,221.5851265808682,89.51304783677526
4.06164869579059,86,10.0,68.22897209513381,34,229.47932596424323,68.36856743120788
1.573730941818245,87,4.915641299854606,38.17217651487108,18,206.01779804248088,41.713729818389396
7.707744748330826,79,4.531901879564662,60.882670193583515,7,235.3492028458422,75.5810562171335
4.770920309494764,58,8.53385564801446,89.45491819841664,25,178.81809374176862,79.06453292846564
7.4756326239469235,83,10.0,69.65697906551677,70,278.7275997606633,80.33163795453486
1.8111446824112658,93,9.076409227765778,55.01046651557634,29,190.41213750407843,56.67189544555869
3.8012499540924543,84,7.84586368007854,62.42837618157674,6,214.83698078747287,63.229402393300745
5.010487399436366,71,7.892131512497929,82.60930039756829,66,244.7582886115845,82.05363622413545
5.093961187529484,93,8.280123338170462,78.20100352302069,64,274.33741446521447,79.71288980110307
4.099869057041513,73,8.138392884680147,66.41601851245458,35,194.92160808151775,67.50602742485496
6.2456998646949975,66,7.421787135954064,64.49763382277969,24,212.95661430848887,68.47729855262602
2.8647591412348112,59,7.156301655927814,64.12362776434267,36,175.2423967140815,58.36419116179694
4.715241029957413,79,6.9061103081507165,56.163847232522464,0,210.27707546147798,66.71633635975888
5.240591263423798,95,5.869053116699986,94.23063534204162,14,248.66464156993754,82.91376924284015
6.028877668117498,72,6.578987384699839,65.1651929618299,36,219.86728442293565,68.16426394120234
6.423229756177779,81,4.460564778706922,88.25737781238244,12,229.76920000810972,85.42588488771277
2.7507158163242615,66,6.852490559807875,92.81974077883677,7,169.98492717335475,64.74394768200771
1.9317716585287554,99,5.517113339273624,84.9746634722194,4,205.24647663469125,68.71463158356819
7.555353643797018,66,5.344616024176344,63.52569530922928,59,233.33480482941613,67.0361541960386
5.6646280239591835,63,7.269841226730218,76.05595135504915,72,234.6023784697013,78.92681007980586
3.5030269268868928,58,9.088003429516899,69.63706590413626,0,167.3722219346407,59.30330647175399
8.102303951045046,89,8.37747490900347,56.44447208904808,35,261.7415686324339,69.85139943893569
5.231349268585717,51,4.644249094565234,74.86538922582405,34,159.9993565732211,69.57786486770746
7.358594368127653,94,5.515557795144494,52.31440313260296,65,291.3797378859972,74.48422607571916
5.135036962820218,74,8.411156781982324,87.81519082692346,62,239.27626479934568,75.90157310219267
9.121495849763974,88,5.5262689096925355,63.03074054052411,22,259.9402149571098,79.17390586920833
8.510681684886409,58,6.663050275004463,73.01739483809259,8,204.5587304996893,80.84987587733377
4.502071703041853,71,7.825078148536828,74.24931807319213,33,198.77892546462206,67.51800592610881
6.943141901908711,92,5.547483317704547,66.11642539443883,45,289.19106576193946,83.31910157026786
6.290751899170295,95,7.15806325921894,78.80040702212912,77,274.63843425201037,89.31898842204752
7.737263115064698,53,4.998961757622693,62.876445150662136,3,185.7980373055832,67.88137264570544
3.070153078839791,75,6.097948534073179,83.06945946185866,29,191.265436414912,76.73672001153997
6.372102919996879,78,7.479672901213806,49.81030479629877,94,281.41901846274163,68.50369865848896
7.116848973699176,94,4.6105093997024955,71.89569369319618,74,302.14501620052425,80.38255201945135
1.4825210271537714,83,7.660712106940599,99.08393498587427,98,223.96705367896035,74.9821354524803
2.63348297466845,72,6.970543301609978,54.995030130916376,71,214.36869417997534,60.211070634203246
0.9215356444797989,86,7.828734931625721,59.83382544212723,2,178.32706791171225,52.257721572193454
4.461186331110884,60,7.335871201096992,77.70861774488372,13,181.10516042350636,67.44878234067721
6.435084511591924,55,9.046210644960766,72.69372672909397,59,201.48007520706346,71.35660557379909
8.004714104192056,67,7.187836753971861,75.25945148910338,76,262.5938068296082,86.53576566143607
5.14818956083955,70,6.355891688312121,77.33780695221495,44,217.84271515966802,74.77935920172868
8.257231091142584,91,7.183446254548426,79.52082202842655,95,344.6772217183401,91.42589280026556
2.2397970835702172,85,7.814947043554582,86.64549762934334,33,208.36901078154213,75.26048978011828
1.5932351212896907,90,7.073290105488557,76.14727985392769,44,221.76097412911142,64.78246079111634
4.888904602206763,87,7.060887536805824,66.38113518072187,60,248.09479860490833,73.9442997668261
5.768130897878614,83,5.947012468289866,80.08860551804096,82,264.7081623863339,84.10411829026822
4.934610503811814,66,6.0056486236735775,98.49822902342824,15,161.82775369662374,76.95648829257675
0.8651157999202468,86,4.89609209230046,68.0104938042614,65,217.8069981646128,67.3501045044556
4.821759920974423,74,9.62436511478041,55.38206042994038,39,229.14634133923835,61.78343100232297
2.3910609989902936,87,5.1342051469130725,86.60621003930459,16,209.87691003589646,78.87860852954482
6.339345097660077,61,5.960642203306139,68.19428254069602,33,188.754836396827,77.35498977841844
5.733196492193697,72,5.922389101646203,37.409956809789456,15,200.81409339484694,48.607699653752555
3.1202404273452897,91,8.342386565416662,82.71132515725633,59,218.40048300189017,70.31704508791637
3.972266165326613,71,6.557575482561958,61.97007721069116,65,224.01190172192037,66.59857334114764
2.881572956222097,70,8.871613109010601,68.64200076543759,65,191.2505966351252,63.749721147611126
4.874641805453656,76,5.9897640636341976,74.97970495853522,89,244.95933215241428,86.12119423080603
6.910284641002477,80,7.418491243335703,72.857495196686,12,233.56547068675258,77.34076251213929
3.0285479073289125,55,5.746979420110364,80.6417772570856,55,182.6627494298718,73.15967045761542
6.008093031035688,76,10.0,63.46770444145235,30,227.93374349001425,60.25433558088503
3.9394847632551184,89,5.218602371455731,77.69658697264124,33,241.98377683361127,79.57764057390906
3.4142543354753117,83,7.464731065340541,66.10679983624124,38,224.60718099622974,64.424003558967
4.785939280090885,61,7.950665321398148,81.08215721331254,66,216.45350700052282,69.66970394743464
2.929515355161252,94,7.620698646177248,79.23051226019581,7,218.40391660658292,71.37964131266936
3.892701389305636,56,6.722068511683437,55.96841946933107,86,212.62316719810153,54.18101072759332
2.604244214822303,59,6.805268950399861,86.28973174262549,77,162.68582058422987,70.72259978251556
8.929450265832779,94,7.065717207968665,61.96054832328928,54,312.86923763834017,85.74015657648225
5.070527103943458,66,6.779496997557267,82.12086697421718,26,187.03907495279327,73.1723159861498
3.6005489840148286,75,8.445818675192365,75.50930970102011,92,227.07799431234878,77.79387667471967
5.427959821468444,70,10.0,97.57275515192684,52,225.97374088369477,90.35761897886312
4.77534390061834,77,6.16376232248825,66.64801026442221,38,226.36745950466081,68.00970963680088
4.558060800933554,95,4.945295530631383,64.76024805822703,64,273.64488814623627,78.28921843115211
6.22833340008685,51,6.8675769274731175,69.708705911684,16,158.42175455981612,65.726177934513
6.51501542009461,92,10.0,65.45230325748587,29,278.14045651373846,79.85604750051519
3.938997704778945,50,5.794488148045404,81.99912852913076,52,156.3835058655127,68.05981043681575
3.8483635187106398,85,9.4586752081661,45.75534087345118,12,206.81076428485443,66.89191832386867
4.449896605696712,75,9.51655122111466,54.194763712804686,20,210.87793343863538,59.8232110260006
0.39615767052883033,78,6.169617637438008,53.9829561763121,18,166.0943649576759,44.56153654344789
1.9696178756028955,70,7.853474618777913,84.25461387960364,52,188.77878716165387,65.19065181805051
7.733748534889049,60,9.442594934692806,95.65920058872888,18,184.7714783825626,84.65608589207481
8.289935427002568,89,6.43130838851877,68.43326172193792,56,291.742598765218,84.25695302427708
4.501927920887243,60,6.694629459846458,67.46767415214984,24,179.19759800399459,60.81280870035918
6.153113926111533,85,6.127478629077034,71.05078244669772,85,268.93255388347245,75.04068218302758
5.622500309087072,98,5.4778649039606995,87.42817453912286,30,246.4842434932228,85.74691321713709
11.157761616910475,88,6.026083682400989,56.089702987141386,80,325.44953355428873,90.846412482761
7.2391498228691535,89,5.164089599856615,73.57553474102178,54,277.0177596307054,84.78876179916244
4.744164817038467,84,7.051125202388839,84.62796444673644,22,222.76935826707972,76.11133167035076
3.0889191187991485,83,5.845040153412038,77.51641254909768,31,194.0274465436665,70.768982005908
1.787107359484855,96,7.350678867686121,72.84372424898115,61,256.31841366801774,73.48183993475013
5.406927271734446,73,4.666156530694559,85.01569138850712,73,230.18065743790072,80.5276486268551
3.487298509431393,71,7.496320348321685,29.451515605011444,9,179.15093846508495,41.44122542902601
2.1554925808046517,54,8.250293442413387,80.16812979296361,99,154.9601825958636,65.86287796166232
3.7068542315149466,82,4.009396536142817,60.188864753088644,71,252.51709580213154,66.86212681204096
2.83690399277121,85,7.561084854771358,42.54050654715314,53,220.20354061037153,63.553280664971055
8.37428327014513,96,8.841503488709938,77.66803899287471,51,302.2274608721933,90.34174838980118
6.763279513898901,69,5.185538471963191,90.60487817744436,19,226.34016958715554,85.01291488724779
4.9840547173667655,68,9.508858580256554,67.93827228058463,31,194.5775051265014,65.5133866680437
7.959888277780052,84,7.6285285140490675,84.29311820804408,13,263.7313326516659,83.94502128330375
5.154736615295237,92,5.942482216362387,94.18417386982968,49,239.43411159354093,93.27610458948105
3.2774315973434724,66,6.916346383513441,89.72371680376071,27,183.78418254914789,73.36523498572618
8.046248154539315,94,7.837490368782584,94.59946794057089,52,310.18490321058965,92.26895598380779
6.077820087369317,92,7.114008087118617,81.13191236607838,23,250.47403240151291,86.16697893434802
2.925507691347087,83,7.808133988669554,71.13150458352389,78,245.44389311645486,69.40928820478712
4.619322643832784,58,5.61898961038095,45.97051282154247,21,191.03245296026566,55.956963753353456
3.2487634932304856,75,7.254041236054117,66.30906267805076,29,194.43921655176464,73.37648603956654
2.234400538071328,51,4.87942825464253,57.35130107025712,62,151.96872252221465,46.15134569216597
